{"WP_lat": [43.04692668328473, 43.04695973612797, 43.04706164906127, 43.04706164906127, 43.04706164906127, 43.04733708942154, 43.047306790981914, 43.04626562642007], "WP_lon": [6.149948698544276, 6.150551912933279, 6.150505088072032, 6.150505088072032, 6.150505088072032, 6.1501800684469075, 6.1502158756937435, 6.151270812273598]}